case,vintage,created_at,gov_iter_start,gov_iter_end,n_doe_rows,n_opt_rows_used,n_runs_used,n_samples,SSE_a,SSE_b,SSE_lambda,SSE_loss,SSdU_a,SSdU_b,SSdU_lambda,SSdU_loss,fit_wall_s,SSE_fit_wall_s,SSdU_fit_wall_s
case2_v3,0,2026-09-11T15:12:44+0200,1,5,20,0,20,10820,0.8446080884449858,3.2032290787419595,0.0,0.011805853885575633,1.0000126285663056,1.0000452047057828,100.0,0.053126524359558745,4.7819580510258675,3.3534523975104094,1.4283142630010843
case2_v3,1,2026-09-11T15:50:48+0200,6,10,20,5,25,13248,0.8252067317069701,2.649050421493409,0.0,0.0159734496932258,0.9995804037908576,1.0001715736906565,100.0,0.07862786676353747,7.0093967113643885,3.755681922659278,3.253667961806059
case2_v3,2,2026-09-11T16:25:41+0200,11,15,20,10,30,15736,0.8191297712811513,2.5694125489008437,0.0,0.016909982360392165,0.9204074524562041,1.0546915962726353,0.01,0.08008726208452424,8.823239509016275,5.604254117235541,3.2189414259046316
case2_v3,3,2026-09-11T16:46:00+0200,16,20,20,15,35,18289,0.8366741970323264,2.557502549961738,0.0,0.01657991001822149,0.9676994138644619,1.011678426623521,1.0,0.08639073254336006,10.445341557264328,5.949349412694573,4.495918957516551
case2_v3,4,2026-09-11T17:16:52+0200,21,25,20,20,40,20886,0.8639006284931582,2.7030283334651624,0.0,0.016791637620230514,0.8600626730165978,1.0411259744472232,0.01,0.08041247536909082,10.339640548452735,5.928371887654066,4.411206591874361
case2_v3,5,2026-09-11T17:50:06+0200,26,30,20,25,45,23390,0.8515267529188311,2.6610770457584376,0.0,0.016747819248243912,0.9636190350947557,1.0122052432378208,1.0,0.09197548369784588,12.692581987008452,7.912967616692185,4.779529789462686
case2_v3,6,2026-09-11T18:46:42+0200,31,35,20,30,50,25908,0.8809633504015896,2.7655469647635327,0.0,0.017131653838306952,0.9662855157825144,1.0121697716715647,1.0,0.1017386139088642,13.696422543376684,7.816422201693058,5.879853293299675
case2_v3,7,2026-09-11T20:00:45+0200,36,40,20,35,55,28403,0.8967236637836103,2.887235568825236,0.0,0.016485383708082144,0.8658633506854615,1.04755595785651,0.01,0.0977568437048821,13.851186767220497,7.785183854401112,6.065829938277602
case2_v3,8,2026-09-11T22:55:25+0200,41,45,20,40,60,30928,0.9207982253796766,2.934483807861138,0.0,0.016578925782062763,0.966832162677923,1.0121959648775087,1.0,0.10125056971128508,18.13235935382545,10.034640356898308,8.09760918840766
